,epa_registration_number,product_name,qtty_used,units,dosage_rate,place,date_of_application,address,municipality,zip_code
3,524‐579,ROUND UP PRO MAX,7.5,FL,3%,ADAM YAUCH PARK,09/25/2017,"ATLANTIC AVENUE, HICKS STREET, BQE ENTRANCE RAMP",KINGS,11201
4,524‐579,ROUND UP PRO MAX,3.5,FL,3%,ALBERT J PARHAM PLAYGROUND,09/12/2017,"ADELPHI STREET, CLERMONT STREET, WILLOUGHBY AVENUE",KINGS,11201
5,524‐597,ROUND UP PRO MAX,1.3,FL,4%,BRIDGE PARK,07/27/2017,"JAY STREET, YORK STREET, PROSPECT AVENUE",KINGS,11201
6,524‐597,ROUND UP PRO MAX,9,FL,4%,BRIDGE PARK,07/27/2017,"JAY STREET, YORK STREET, PROSPECT AVENUE",KINGS,11201
7,524‐597,ROUND UP PRO MAX,25.6,FL,4%,CADMAN PLAZA PARK,07/27/2017,"TILLARY STREET, CADMAN PLAZA/CADMAN PLAZA EAST",KINGS,11201
8,524‐579,ROUND UP PRO MAX,2.6,FL,4%,CALVERT VAUX PARK,06/26/2017,"BAY 44TH STREET, SHORE PARKWAY, BAY 49TH STREET",KINGS,11214
9,524‐579,ROUND UP PRO MAX,2.6,FL,4%,CALVERT VAUX PARK,08/19/2017,"BAY 44TH STREET, SHORE PARKWAY, BAY 49TH STREET",KINGS,11214
10,524‐579,ROUND UP PRO MAX,20.5,FL,4%,CALVERT VAUX PARK,08/25/2017,"BAY 44TH STREET, SHORE PARKWAY, BAY 49TH STREET",KINGS,11214
11,524‐579,ROUND UP PRO MAX,1.3,FL,4%,CALVERT VAUX PARK,08/26/2017,"BAY 44TH STREET, SHORE PARKWAY, BAY 49TH STREET",KINGS,11214
12,524‐579,ROUND UP PRO MAX,15,FL,3%,COFFEY PARK,09/14/2017,"DWIGHT STREET, RICHARDS STREET, VERONA STREET",KINGS,11231
13,524‐579,ROUND UP PRO MAX,11.5,FL,3%,COFFEY PARK,08/09/2017,"KING STREET, RICHARDS STREET, VERONA STREET",KINGS,11231
14,524‐579,ROUND UP PRO MAX,11.5,FL,3%,COFFEY PARK,08/11/2017,"KING STREET, RICHARDS STREET, VERONA STREET",KINGS,11231
15,524‐579,ROUND UP PRO MAX,15,FL,3%,COFFEY PARK,09/14/2017,"DWIGHT STREET, RICHARDS STREET, VERONA STREET",KINGS,11231
16,524‐579,ROUND UP PRO MAX,30,FL,3%,COMMODORE BARRY PARK,05/19/2017,"NASSAU STREET, FLUSHING AVENUE, NAVY STREET",KINGS,11201
17,524‐579,ROUND UP PRO MAX,30,FL,3%,COMMODORE BARRY PARK,07/11/2017,"NASSAU STREET, FLUSHING AVENUE, NAVY STREET",KINGS,11201
18,524‐579,ROUND UP PRO MAX,11.5,FL,3%,COMMODORE BARRY PARK,09/01/2017,"NORTH ELLIOTT PLACE, FLUSHING AVENUE, PARK AVENUE",KINGS,11201
19,524‐579,ROUND UP PRO MAX,20.5,FL,4%,CONEY ISLAND BOAT BASIN,06/26/2017,"SHORE PARKWAY, WEST 22ND STREET, BAY 49TH ST",KINGS,11214
20,524‐597,ROUND UP PRO MAX,1.6,FL,8%,CRISPUS ATTUCKS PLAYGROUND,07/06/2017,"FULTON STREET, CLASSON AVENUE, IRVING PLACE",KINGS,11238
21,524‐579,ROUND UP PRO MAX,40,FL,3%,FOX PLAYGROUND,07/18/2017,"East 54th Street, East 55th Street, Avenue H",KINGS,11234
22,524‐579,ROUND UP PRO MAX,4,FL,3%,FULTON PARK,04/18/2017,"FULTON STREET, CHAUNCEY STREET, LEWIS AVENUE",KINGS,11233
23,524‐597,ROUND UP PRO MAX,3.8,FL,4%,GOLCONDA PLAYGROUND,07/27/2017,"CONCORD STREET, NASSAU STREET, NAVY STREET",KINGS,11201
24,524‐579,ROUND UP PRO MAX,7.7,FL,4%,GREENSTREET,08/05/2017,"CROPSEY AVENUE, HART PLACE, BAY 54TH STREET",KINGS,11214
25,524‐579,ROUND UP PRO MAX,2.6,FL,4%,GREENSTREET,08/05/2017,"CROPSEY AVENUE, HART PLACE, BAY 54TH STREET",KINGS,11214
26,524‐579,ROUND UP PRO MAX,10.24,FL,4%,GREENSTREET,08/05/2017,"SHORE PARKWAY, WEST 22ND STREET, BAY 49TH ST",KINGS,11214
27,524‐579,ROUND UP PRO MAX,32,FL,3%,GREENSTREET,09/12/2017,"66TH STREET, 67TH STREET/7TH AVENUE",KINGS,11220
28,524‐579,ROUND UP PRO MAX,16,FL,3%,GREENSTREET,09/12/2017,"AVENUE M, FLATBUSH AVENUE, RYDER STREET",KINGS,11234
29,524‐579,ROUND UP PRO MAX,64,FL,3%,GREENSTREET,09/12/2017,"AVENUE T, EAST 69TH STREET, VETERANS AVENUE",KINGS,11234
30,524‐579,ROUND UP PRO MAX,16,FL,3%,GREENSTREET,09/12/2017,"AVENUE T, EAST 61ST STREET, RALPH AVENUE",KINGS,11234
31,524‐579,ROUND UP PRO MAX,16,FL,3%,GREENSTREET,09/12/2017,AVENUE T/EAST 57TH STREET/FILLMORE AVENUE,KINGS,11234
32,524‐579,ROUND UP PRO MAX,3.2,FL,3%,GREENSTREET,05/20/2017,"JAY ST, SANDS ST, BQE EAST RAMP",KINGS,11201
33,524‐579,ROUND UP PRO MAX,6.4,FL,3%,GREENSTREET,05/20/2017,"UTICA AVE, REMSON AVE, EAST NEW YORK AVE",KINGS,11203
34,524‐579,ROUND UP PRO MAX,12.8,FL,3%,GREENSTREET,05/27/2017,"SEAVIEW AVE, EAST 105TH ST, EAST 108TH ST",KINGS,11236
35,524‐579,ROUND UP PRO MAX,3.2,FL,3%,GREENSTREET,05/27/2017,"SEAVIEW AVE, EAST 105TH ST, EAST 104TH ST",KINGS,11236
36,524‐579,ROUND UP PRO MAX,3.2,FL,3%,GREENSTREET,05/27/2017,"SEAVIEW AVE, EAST 103RD ST, EAST 104TH ST",KINGS,11236
37,524‐579,ROUND UP PRO MAX,3.2,FL,3%,GREENSTREET,05/27/2017,"SEAVIEW AVE, EAST 103RD ST, EAST 102ND ST",KINGS,11236
38,524‐579,ROUND UP PRO MAX,3.2,FL,3%,GREENSTREET,05/27/2017,"SEAVIEW AVE, EAST 101ST ST, EAST 102ND ST",KINGS,11236
39,524‐579,ROUND UP PRO MAX,3.2,FL,3%,GREENSTREET,05/27/2017,"SEAVIEW AVE, EAST 101ST ST, EAST 100TH ST",KINGS,11236
40,524‐579,ROUND UP PRO MAX,3.2,FL,3%,GREENSTREET,05/27/2017,"SEAVIEW AVE, EAST 99TH ST, EAST 100TH ST",KINGS,11236
41,524‐579,ROUND UP PRO MAX,6.4,FL,3%,GREENSTREET,05/27/2017,"SEAVIEW AVE, EAST 99TH ST, EAST 98TH ST",KINGS,11236
42,524‐579,ROUND UP PRO MAX,3.2,FL,3%,GREENSTREET,06/03/2017,"SEAVIEW AVE, EAST 93RD ST, CANARSIE RD",KINGS,11236
43,524‐579,ROUND UP PRO MAX,3.2,FL,3%,GREENSTREET,06/04/2017,"ORIENTAL BLVD, WEST END AVE, OXFORD ST",KINGS,11235
44,524‐579,ROUND UP PRO MAX,16,FL,3%,GREENSTREET,06/04/2017,"KINGS HIHGWAY, EAST 55TH STREET, AVE D",KINGS,11203
45,524‐579,ROUND UP PRO MAX,3.2,FL,3%,GREENSTREET,06/10/2017,"JAY STREET, SANDS STREET, BQE EAST RAMP",KINGS,11201
46,524‐579,ROUND UP PRO MAX,3.2,FL,3%,GREENSTREET,06/10/2017,"REMSEN AVE, RUTLAND ROAD, EAST 52ND ST",KINGS,11203
47,524‐579,ROUND UP PRO MAX,3.2,FL,3%,GREENSTREET,06/10/2017,"CHURCH AVE, KINGS HIGHWAY, EAST 57 ST",KINGS,11203
48,524‐579,ROUND UP PRO MAX,3.2,FL,3%,GREENSTREET,06/10/2017,"CHURCH AVE, KINGS HIGHWAY, EAST 58 ST",KINGS,11203
49,524‐579,ROUND UP PRO MAX,3.2,FL,3%,GREENSTREET,06/10/2017,"BAY 16 ST, NEW UTRECHT AVE, 82 ST",KINGS,11214
50,524‐579,ROUND UP PRO MAX,3.2,FL,3%,GREENSTREET,06/10/2017,"AVE O, 71ST STREET, BAY PARKWAY",KINGS,11204
51,524‐579,ROUND UP PRO MAX,3.2,FL,3%,GREENSTREET,06/17/2017,"MCGUINNESS BLVD, GREEN ST, FREEMAN ST",KINGS,11222
52,524‐579,ROUND UP PRO MAX,3.2,FL,3%,GREENSTREET,06/17/2017,"MCGUINNESS BLVD, GREEN ST, HURON ST",KINGS,11222
53,524‐579,ROUND UP PRO MAX,3.2,FL,3%,GREENSTREET,06/17/2017,"MCGUINNESS BLVD, INDIA ST, HURON ST",KINGS,11222
54,524‐579,ROUND UP PRO MAX,3.2,FL,3%,GREENSTREET,06/17/2017,"MCGUINNESS BLVD, INDIA ST, JAVA ST",KINGS,11222
55,524‐579,ROUND UP PRO MAX,3.2,FL,3%,GREENSTREET,06/17/2017,"MCGUINNESS BLVD, KENT ST, JAVA ST",KINGS,11222
56,524‐579,ROUND UP PRO MAX,3.2,FL,3%,GREENSTREET,06/17/2017,"MCGUINNESS BLVD, KENT ST, GREENPOINT AVE",KINGS,11222
57,524‐579,ROUND UP PRO MAX,3.2,FL,3%,GREENSTREET,06/17/2017,"MCGUINNESS BLVD, CALYER ST, GREENPOINT AVE",KINGS,11222
58,524‐579,ROUND UP PRO MAX,3.2,FL,3%,GREENSTREET,06/17/2017,"MCGUINNESS BLVD, CALYER ST, MESEROLE AVE",KINGS,11222
59,524‐579,ROUND UP PRO MAX,3.2,FL,3%,GREENSTREET,06/17/2017,"MCGUINNESS BLVD, CALYER ST, MESEROLE AVE",KINGS,11222
60,524‐579,ROUND UP PRO MAX,3.2,FL,3%,GREENSTREET,06/17/2017,"MCGUINNESS BLVD, NORMAN AVE, MESEROLE AVE",KINGS,11222
61,524‐579,ROUND UP PRO MAX,3.2,FL,3%,GREENSTREET,06/17/2017,"MCGUINNESS BLVD, NORMAN AVE, NASSAU AVE",KINGS,11222
62,524‐579,ROUND UP PRO MAX,3.2,FL,3%,GREENSTREET,06/17/2017,"MCGUINNESS BLVD, NORMAN AVE, NASSAU AVE",KINGS,11222
63,524‐579,ROUND UP PRO MAX,3.2,FL,3%,GREENSTREET,06/17/2017,"MCGUINNESS BLVD, NEWTON ST, ENGERT AVE",KINGS,11222
64,524‐579,ROUND UP PRO MAX,3.2,FL,3%,GREENSTREET,06/17/2017,"MCGUINNESS BLVD, DRIGGS AVE, GRAHAM AVE",KINGS,11222
65,524‐579,ROUND UP PRO MAX,3.2,FL,3%,GREENSTREET,06/17/2017,"MCGUINNESS BLVD, BAYARD ST, NEWTON ST",KINGS,11222
66,524‐579,ROUND UP PRO MAX,3.2,FL,3%,GREENSTREET,06/17/2017,"MCGUINNESS BLVD, DRIGGS AVE, BROOME ST",KINGS,11222
67,524‐579,ROUND UP PRO MAX,3.2,FL,3%,GREENSTREET,06/17/2017,"MCGUINNESS BLVD, DRIGGS AVE, ENGERT AVE",KINGS,11222
68,524‐579,ROUND UP PRO MAX,16,FL,3%,GREENSTREET,06/21/2017,"AVE N, FLATLANDS AVE, EAST 35 ST",KINGS,11234
69,524‐579,ROUND UP PRO MAX,6.4,FL,3%,GREENSTREET,06/21/2017,"AVE L, TROY AVE, EAST 41ST STREET",KINGS,11234
70,524‐579,ROUND UP PRO MAX,3.2,FL,3%,GREENSTREET,06/21/2017,"MILL LANE, RALPH AVE/MILL AVE",KINGS,11234
71,524‐579,ROUND UP PRO MAX,9.6,FL,5%,GREENSTREET,06/21/2017,"7TH AVE, 66TH STREET, 65TH STREET",KINGS,11220
72,524‐579,ROUND UP PRO MAX,6.4,FL,3%,GREENSTREET,06/22/2017,"SEAVIEW AVE, EAST 95TH STREET, EAST 96TH STREET",KINGS,11236
73,524‐579,ROUND UP PRO MAX,3.2,FL,3%,GREENSTREET,06/22/2017,"BEAVER AVE, BUSHWICK AVE, ARION PLACE",KINGS,11206
74,524‐579,ROUND UP PRO MAX,3.2,FL,3%,GREENSTREET,06/25/2017,"MCGUINNESS BLVD, MESEROLE AVE, NORMAN AVE",KINGS,11222
75,524‐579,ROUND UP PRO MAX,3.2,FL,3%,GREENSTREET,06/25/2017,"MCGUINNESS BLVD, GREEN ST, HURON ST",KINGS,11222
76,524‐579,ROUND UP PRO MAX,3.2,FL,3%,GREENSTREET,06/25/2017,"MCGUINNESS BLVD, NORMAN AVE, NASSAU AVE",KINGS,11222
77,524‐579,ROUND UP PRO MAX,3.2,FL,3%,GREENSTREET,06/25/2017,"MCGUINNESS BLVD, INDIA ST, HURON ST",KINGS,11222
78,524‐579,ROUND UP PRO MAX,3.2,FL,3%,GREENSTREET,06/25/2017,"MCGUINNESS BLVD, DRIGGS AVE, GRAHAM AVE",KINGS,11222
79,524‐579,ROUND UP PRO MAX,3.2,FL,3%,GREENSTREET,06/25/2017,"MCGUINNESS BLVD, INDIA STREET, JAVA STREET",KINGS,11222
80,524‐579,ROUND UP PRO MAX,3.2,FL,3%,GREENSTREET,06/25/2017,"MCGUINNESS BLVD, BAYARD STREET, NEWTON STREET",KINGS,11222
81,524‐579,ROUND UP PRO MAX,3.2,FL,3%,GREENSTREET,06/25/2017,"MCGUINNESS BLVD, BAYARD STREET, MEEKER AVE",KINGS,11222
82,524‐579,ROUND UP PRO MAX,3.2,FL,3%,GREENSTREET,06/25/2017,"MCGUINNESS BLVD, DRIGGS AVE, BROOME STREET",KINGS,11222
83,524‐579,ROUND UP PRO MAX,3.2,FL,3%,GREENSTREET,06/25/2017,"MCGUINNESS BLVD, ENGERT AVE, BROOME STREET",KINGS,11222
84,524‐579,ROUND UP PRO MAX,3.2,FL,3%,GREENSTREET,06/25/2017,"MCGUINNESS BLVD, CALYER STREET, GREENPOINT AVE",KINGS,11222
85,524‐579,ROUND UP PRO MAX,3.2,FL,3%,GREENSTREET,06/25/2017,"MCGUINNESS BLVD, CALYER STREET, MESEROLE AVE",KINGS,11222
86,524‐579,ROUND UP PRO MAX,3.2,FL,3%,GREENSTREET,06/25/2017,"MCGUINNESS BLVD, CALYER STREET, MESEROLE AVE",KINGS,11222
87,524‐579,ROUND UP PRO MAX,3.2,FL,3%,GREENSTREET,06/25/2017,"MCGUINNESS BLVD, DRIGGS AVE, NASSAU AVE",KINGS,11222
88,524‐579,ROUND UP PRO MAX,3.2,FL,3%,GREENSTREET,06/25/2017,"MCGUINNESS BLVD, GREEN STREET, FREEMAN STREET",KINGS,11222
89,524‐579,ROUND UP PRO MAX,3.2,FL,3%,GREENSTREET,06/25/2017,"MCGUINNESS BLVD, NEWTON STREET, ENGERT AVE",KINGS,11222
90,524‐579,ROUND UP PRO MAX,3.2,FL,3%,GREENSTREET,06/25/2017,"MCGUINNESS BLVD, KENT STREET, JAVA STREET",KINGS,11222
91,524‐579,ROUND UP PRO MAX,3.2,FL,3%,GREENSTREET,06/25/2017,"MCGUINNESS BLVD, KENT STREET, GREENPOINT AVE",KINGS,11222
92,524‐579,ROUND UP PRO MAX,6.4,FL,3%,GREENSTREET,06/26/2017,"AVE D, DEWITT AVE, VAN SINDERAN AVE",KINGS,11236
93,524‐579,ROUND UP PRO MAX,3.2,FL,3%,GREENSTREET,06/30/2017,"JAY STREET, SANDS STREET, BQE EAST RAMP",KINGS,11201
94,524‐579,ROUND UP PRO MAX,16,FL,3%,GREENSTREET,07/02/2017,"GERRISTEN AVE, AVE X/BURNETT STREET",KINGS,11234
95,524‐579,ROUND UP PRO MAX,3.2,FL,3%,GREENSTREET,07/02/2017,"SEAVIEW AVE, EAST 95TH STREET, CANARSIE ROAD",KINGS,11236
96,524‐579,ROUND UP PRO MAX,3.2,FL,3%,GREENSTREET,07/02/2017,"KINGS HIGHWAY, EAST 54TH STREET, CLARENDON ROAD",KINGS,11203
97,524‐579,ROUND UP PRO MAX,3.2,FL,3%,GREENSTREET,07/10/2017,"KINGS HIGHWAY, EAST 53RD STREET, FOSTER AVE",KINGS,11203
98,524‐579,ROUND UP PRO MAX,3.2,FL,3%,GREENSTREET,07/10/2017,"KINGS HIGHWAY, EAST 55TH STREET, BEVERLY ROAD",KINGS,11203
99,524‐579,ROUND UP PRO MAX,3.2,FL,3%,GREENSTREET,07/10/2017,"KINGS HIGHWAY, LINDEN BLVD, REMSEN STREET",KINGS,11203
100,524‐579,ROUND UP PRO MAX,3.2,FL,3%,GREENSTREET,07/17/2017,"CADMAN PLAZA EAST, ADAMS STREET, RED CROSS PLACE",KINGS,11201
101,524‐579,ROUND UP PRO MAX,3.2,FL,3%,GREENSTREET,07/17/2017,"EASTERN PARKWAY, FULTON STREET, TRUXTON STREET",KINGS,11233
102,524‐579,ROUND UP PRO MAX,3.2,FL,3%,GREENSTREET,07/17/2017,"RALPH AVE, EAST 88TH STREET, SNYDER AVE",KINGS,11236
103,524‐579,ROUND UP PRO MAX,12.8,FL,3%,GREENSTREET,07/19/2017,"KINGS HIGHWAY, EAST 53RD STREET, FOSTER AVE",KINGS,11234
104,524‐579,ROUND UP PRO MAX,3.2,FL,3%,GREENSTREET,07/21/2017,"JEROME AVE, EAST 22ND STREET, AVE Z",KINGS,11235
105,524‐579,ROUND UP PRO MAX,3.2,FL,3%,GREENSTREET,07/21/2017,"KINGS HIGHWAY, EAST 53RD STREET, FOSTER AVE",KINGS,11234
106,524‐579,ROUND UP PRO MAX,3.2,FL,3%,GREENSTREET,07/21/2017,"CLARKSON AVE, EAST 56TH STREET, REMSEN AVE",KINGS,11234
107,524‐579,ROUND UP PRO MAX,6.4,FL,3%,GREENSTREET,07/28/2017,"WILLIAMSBURG STREET WEST, KENT AVE, HEWES STREET",KINGS,11205
108,524‐579,ROUND UP PRO MAX,3.2,FL,3%,GREENSTREET,07/28/2017,"CHURCH STREET, EAST 94TH STREET, LINDEN BLVD",KINGS,11212
109,524‐579,ROUND UP PRO MAX,3.2,FL,3%,GREENSTREET,07/28/2017,"RALPH AVE, EAST 89TH STREET, CHURCH AVE",KINGS,11212
110,524‐579,ROUND UP PRO MAX,3.2,FL,3%,GREENSTREET,07/28/2017,"KINGS HIGHWAY, EAST 56TH STREET, TILDEN AVE",KINGS,11212
111,524‐579,ROUND UP PRO MAX,16,FL,3%,GREENSTREET,08/24/2017,AVE T/EAST 57TH STREET/FILLMORE AVE,KINGS,11234
112,524‐579,ROUND UP PRO MAX,3.2,FL,3%,GREENSTREET,08/24/2017,"EAST 80TH STREET, EAST 83RD STREET, AVE N",KINGS,11236
113,524‐579,ROUND UP PRO MAX,3.2,FL,3%,GREENSTREET,08/24/2017,"EAST 80TH STREET, EAST 82ND STREET, AVE M",KINGS,11236
114,524‐579,ROUND UP PRO MAX,3.2,FL,3%,GREENSTREET,08/24/2017,EAST 80TH STREET/EAST 81ST STREET/AVE L,KINGS,11236
115,524‐579,ROUND UP PRO MAX,9.6,FL,3%,GREENSTREET,08/26/2017,"SEAVIEW AVE, DEAD END, EAST 108TH STREET",KINGS,11236
116,524‐579,ROUND UP PRO MAX,3.2,FL,3%,GREENSTREET,08/26/2017,"SEAVIEW AVE, E 99 STREET, EAST 100 ST",KINGS,11236
117,524‐579,ROUND UP PRO MAX,3.2,FL,3%,GREENSTREET,08/26/2017,"SEAVIEW AVE, E 99 ST, E 98 ST",KINGS,11236
118,524‐579,ROUND UP PRO MAX,3.2,FL,3%,GREENSTREET,08/26/2017,"SEAVIEW AVE, E 105 ST, E 108 ST",KINGS,11236
119,524‐579,ROUND UP PRO MAX,3.2,FL,3%,GREENSTREET,08/26/2017,"SEAVIEW AVE, E 105 ST, E 104 ST",KINGS,11236
120,524‐579,ROUND UP PRO MAX,3.2,FL,3%,GREENSTREET,08/26/2017,"SEAVIEW AVE, EAST 103RD ST, EAST 104TH ST",KINGS,11236
121,524‐579,ROUND UP PRO MAX,3.2,FL,3%,GREENSTREET,08/26/2017,"SEAVIEW AVE, EAST 103RD ST, EAST 102ND ST",KINGS,11236
122,524‐579,ROUND UP PRO MAX,3.2,FL,3%,GREENSTREET,08/26/2017,"SEAVIEW AVE, EAST 101ST ST, EAST 102ND ST",KINGS,11236
123,524‐579,ROUND UP PRO MAX,3.2,FL,3%,GREENSTREET,08/26/2017,"SEAVIEW AVE, EAST 101ST ST, EAST 100TH ST",KINGS,11236
124,524‐579,ROUND UP PRO MAX,3.2,FL,3%,GREENSTREET,08/26/2017,"AVE L, EAST 68 ST, E 69TH ST",KINGS,11234
125,524‐579,ROUND UP PRO MAX,3.2,FL,3%,GREENSTREET,08/26/2017,"PAERDAGAT AVE NORTH, E 77 ST/PAERDAGAT 1 ST",KINGS,11236
126,524‐579,ROUND UP PRO MAX,6.4,FL,3%,GREENSTREET,09/01/2017,"69TH ST PIER, SHORE ROAD, BAY RIDGE AVE",KINGS,11220
127,524‐579,ROUND UP PRO MAX,9.6,FL,3%,GREENSTREET,09/04/2017,"69TH ST PIER, SHORE RD, BAY RIDGE AVE",KINGS,11220
128,524‐579,ROUND UP PRO MAX,3.2,FL,3%,GREENSTREET,09/04/2017,"MCGUINNESS BLVD, DRIGGS AVE, GRAHAM AVE",KINGS,11222
129,524‐579,ROUND UP PRO MAX,3.2,FL,3%,GREENSTREET,09/04/2017,"MCGUINNESS BLVD, BAYARD ST, NEWTON ST",KINGS,11222
130,524‐579,ROUND UP PRO MAX,3.2,FL,3%,GREENSTREET,09/04/2017,"MCGUINNESS BLVD, BAYARD ST, HUMBOLDT ST",KINGS,11222
131,524‐579,ROUND UP PRO MAX,3.2,FL,3%,GREENSTREET,09/04/2017,"MCGUINNESS BLVD, BAYARD ST, HUMBOLDT ST",KINGS,11222
132,524‐579,ROUND UP PRO MAX,3.2,FL,3%,GREENSTREET,09/04/2017,"MCGUINNESS BLVD, DRIGGS AVE, BROOME ST",KINGS,11222
133,524‐579,ROUND UP PRO MAX,3.2,FL,3%,GREENSTREET,09/04/2017,"MCGUINNESS BLVD, ENGERT AVE, BROOME ST",KINGS,11222
134,524‐579,ROUND UP PRO MAX,3.2,FL,3%,GREENSTREET,09/04/2017,"MCGUINNESS BLVD, CALYER ST, GREENPOINT AVE",KINGS,11222
135,524‐579,ROUND UP PRO MAX,3.2,FL,3%,GREENSTREET,09/04/2017,"MCGUINNESS BLVD, CALYER ST, MESEROLE AVE",KINGS,11222
136,524‐579,ROUND UP PRO MAX,3.2,FL,3%,GREENSTREET,09/04/2017,"MCGUINNESS BLVD, CALYER ST, MESEROLE AVE",KINGS,11222
137,524‐579,ROUND UP PRO MAX,3.2,FL,3%,GREENSTREET,09/04/2017,"MCGUINNESS BLVD, DRIGGS AVE, NASSAU AVE",KINGS,11222
138,524‐579,ROUND UP PRO MAX,3.2,FL,3%,GREENSTREET,09/04/2017,"MCGUINNESS BLVD, NEWTON ST, ENGERT AVE",KINGS,11222
139,524‐579,ROUND UP PRO MAX,3.2,FL,3%,GREENSTREET,09/04/2017,"MCGUINNESS BLVD, GREEN ST, FREEMAN ST",KINGS,11222
140,524‐579,ROUND UP PRO MAX,3.2,FL,3%,GREENSTREET,09/04/2017,"MCGUINNESS BLVD, GREEN ST, HURON ST",KINGS,11222
141,524‐579,ROUND UP PRO MAX,3.2,FL,3%,GREENSTREET,09/04/2017,"MCGUINNESS BLVD, INDIA ST, HURON ST",KINGS,11222
142,524‐579,ROUND UP PRO MAX,3.2,FL,3%,GREENSTREET,09/04/2017,"MCGUINNESS BLVD, INDIA ST, JAVA ST",KINGS,11222
143,524‐579,ROUND UP PRO MAX,3.2,FL,3%,GREENSTREET,09/04/2017,"MCGUINNESS BLVD, KENT ST, JAVA ST",KINGS,11222
144,524‐579,ROUND UP PRO MAX,3.2,FL,3%,GREENSTREET,09/04/2017,"MCGUINNESS BLVD, KENT ST, GREENPOINT AVE",KINGS,11222
145,524‐579,ROUND UP PRO MAX,3.2,FL,3%,GREENSTREET,09/04/2017,"MCGUINNESS BLVD, MESEROLE AVE, NORMAN AVE",KINGS,11222
146,524‐579,ROUND UP PRO MAX,3.2,FL,3%,GREENSTREET,09/04/2017,"MCGUINNESS BLVD, NORMAN AVE, NASSAU AVE",KINGS,11222
147,524‐579,ROUND UP PRO MAX,3.2,FL,3%,GREENSTREET,09/08/2017,"AVE L, EAST 73RD ST, BERGEN AVE",KINGS,11234
148,524‐579,ROUND UP PRO MAX,3.2,FL,3%,GREENSTREET,09/08/2017,"AVE L, EAST 70TH ST, EAST 72ND ST",KINGS,11234
149,524‐579,ROUND UP PRO MAX,3.2,FL,3%,GREENSTREET,09/08/2017,GOWANUS CANAL/DEGRAW ST/NEVINS ST,KINGS,11217
150,524‐579,ROUND UP PRO MAX,3.2,FL,3%,GREENSTREET,09/08/2017,GOWANUS CANAL/DEGRAW ST/NEVINS ST,KINGS,11217
151,524‐579,ROUND UP PRO MAX,3.2,FL,3%,GREENSTREET,09/08/2017,"BROADWAY, LAFAYETTE AVE, PATCHEN AVE",KINGS,11221
152,524‐579,ROUND UP PRO MAX,3.2,FL,3%,GREENSTREET,09/12/2017,"RYDER ST, FLATLANDS AVE, EAST 37TH ST",KINGS,11234
153,524‐579,ROUND UP PRO MAX,3.2,FL,3%,GREENSTREET,09/12/2017,"VETERANS AVE, AVE T, EAST 69TH ST",KINGS,11234
154,524‐579,ROUND UP PRO MAX,3.2,FL,3%,GREENSTREET,09/12/2017,"AVE T, EAST 57TH ST, FILLMORE AVE",KINGS,11234
155,524‐579,ROUND UP PRO MAX,3.2,FL,3%,GREENSTREET,09/12/2017,"AVE T, EAST 61ST ST, RALPH AVE",KINGS,11234
156,524‐579,ROUND UP PRO MAX,12.8,FL,3%,GREENSTREET,09/12/2017,"7TH AVE, 66TH ST, 67TH ST",KINGS,11220
157,524‐579,ROUND UP PRO MAX,16,FL,3%,GREENSTREET,09/15/2017,"BRIGHTON BEACH AVE, CORBIN PL, ORIENTAL BLVD",KINGS,11235
158,524‐579,ROUND UP PRO MAX,3.2,FL,3%,GREENSTREET,09/15/2017,"KINGS HIGHWAY, EAST 53RD ST, FOSTER AVE",KINGS,11234
159,524‐579,ROUND UP PRO MAX,3.2,FL,3%,GREENSTREET,09/25/2017,"VARICK ST, GRAND ST, METROPOLITAN AVE",KINGS,11211
160,524‐579,ROUND UP PRO MAX,6.4,FL,3%,GREENSTREET,09/25/2017,"KINGS HIGHWAY, EAST 54TH ST, CLARENDON ROAD",KINGS,11203
161,524‐579,ROUND UP PRO MAX,102,FL,4%,GREENSTREET,08/25/2017,"MCGUINESS BLVD, MEEKER AVE, BQE EXIT RAMP",KINGS,11222
162,524‐579,ROUND UP PRO MAX,102,FL,4%,GREENSTREET,08/25/2017,"MCGUINESS BLVD, MEEKER AVE, BQE ENTRANCE RAMP",KINGS,11222
163,524‐579,ROUND UP PRO MAX,5,FL,4%,GREENSTREET,10/23/2017,"FOSTER AVENUE, KINGS HIGHWAY, EAST 53RD STREET",KINGS,11234
164,524‐579,ROUND UP PRO MAX,5,FL,4%,GREENSTREET,10/23/2017,"CLARENDON ROAD, KINGS HIGHWAY, EAST 55TH STREET",KINGS,11234
165,524‐579,ROUND UP PRO MAX,5,FL,4%,GREENSTREET,10/23/2017,"BEVERLY ROAD, KINGS HIGHWAY, EAST 56TH STREET",KINGS,11234
166,524‐579,ROUND UP PRO MAX,10,FL,4%,GREENSTREET,10/23/2017,"AVENUE L, TROY AVENUE, EAST 41ST STREET",KINGS,11234
167,524‐579,ROUND UP PRO MAX,128,FL,4%,GREENSTREET,08/24/2017,"SNYDER AVENUE, KINGS HIGHWAY, EAST 57TH STREET",KINGS,11203
168,524‐579,ROUND UP PRO MAX,50,FL,4%,GREENSTREET,08/24/2017,"FLATLANDS AVENUE, AVENUE J, EAST 53RD STREET",KINGS,11234
169,524‐579,ROUND UP PRO MAX,26,FL,4%,GREENSTREET,08/24/2017,"FLATLANDS AVENUE, AVENUE K, UTICA AVENUE",KINGS,11234
170,524‐579,ROUND UP PRO MAX,26,FL,4%,GREENSTREET,08/24/2017,"FLATLANDS AVENUE, AVENUE N, EAST 35TH STREET",KINGS,11234
171,524‐579,ROUND UP PRO MAX,26,FL,4%,GREENSTREET,08/24/2017,"FLATBUSH AVENUE, EAST 53RD STREET, EAST 52ND STREET",KINGS,11203
172,524‐579,ROUND UP PRO MAX,384,FL,3%,GREENWAY,09/08/2017,"FLATBUSH AVENUE, BELT PARKWAY, AVIATION ROAD",KINGS,11229
173,524‐579,ROUND UP PRO MAX,384,FL,3%,GREENWAY,09/08/2017,"BELT PARKWAY, AVIATION ROAD, FLATBUSH AVENUE",KINGS,11234
174,524‐579,ROUND UP PRO MAX,68,FL,100%,HECKSHER PLAYGROUND,08/04/2017,"LINDEN ST, CENTRAL AVE, WILSON AVE",B  ROOK LYN,11221
175,524‐579,ROUND UP PRO MAX,0.36,FL,3%,HENNESSY TRIANGLE,05/09/2017,"SURF AVE, WEST 5TH ST, OCEAN PKWY",KINGS,11224
176,524‐579,ROUND UP PRO MAX,25.6,FL,4%,HOLOCAUST MEMORIAL,07/06/2017,"SHORE BLVD, EMMONS AVE, WEST END AVE",KINGS,11235
177,524‐579,ROUND UP PRO MAX,10,FL,4%,JOHN P. SALOGUB TRIANGLE,10/23/2017,"PAERDEGAT AVE NORTH, E 77 ST, PAERDEGAT 1 ST",KINGS,11223
178,524‐579,ROUND UP PRO MAX,16,FL,4%,JOHN PAUL JONES PARK,06/26/2017,"FORT HAMILTON PARKWAY, 101ST STREET, 4TH AVENUE",KINGS,11209
179,524‐579,ROUND UP PRO MAX,36,FL,4%,JOHN PAUL JONES PARK,07/07/2017,"FORT HAMILTON PARKWAY, 101ST STREET, 4TH AVENUE",KINGS,11209
180,524‐579,ROUND UP PRO MAX,23,FL,3%,KAISER PARK,05/17/2017,"NEPTUNE AVE, BAYVIEW AVE, WEST 29 ST",KINGS,11224
181,524‐579,ROUND UP PRO MAX,11.5,FL,3%,KAISER PARK,07/25/2017,"NEPTUNE AVE, BAYVIEW AVE, WEST 29 ST",KINGS,11224
182,524‐579,ROUND UP PRO MAX,10.24,FL,4%,KELLY PARK,07/13/2017,"AVENUE S, EAST 14TH STREET, EAST 15TH ST",KINGS,11229
183,524‐579,ROUND UP PRO MAX,45,FL,16%,KELLY PLAYGROUND,09/26/2017,"BMT TRAIN ROW, AVENUE S, MOORE PLACE",KINGS,11229
184,524‐579,ROUND UP PRO MAX,7.5,FL,3%,LINCOLN TERRACE PARK,08/22/2017,"EAST NEW YORK AVE, ROCHESTER AVE, BUFFALO AVE",KINGS,11213
185,524‐579,ROUND UP PRO MAX,25.6,FL,4%,MANHATTAN BEACH,07/06/2017,"OCEAN AVE, ORIENTAL BLVD, FALMOUTH ST",KINGS,11235
186,524‐579,ROUND UP PRO MAX,256,FL,4%,MARINE PARK,08/30/2017,"GERRITSEN AVENUE, CHANNEL AVENUE, GOTHAM AVENUE",KINGS,11229
187,524‐579,ROUND UP PRO MAX,179,FL,4%,MARINE PARK,08/31/2017,"GERRITSEN AVENUE, CHANNEL AVENUE, GOTHAM AVENUE",KINGS,11229
188,524‐579,ROUND UP PRO MAX,256,FL,4%,MARINE PARK,08/30/2017,"GERRITSEN AVENUE, CHANNEL AVENUE, GOTHAM AVENUE",KINGS,11229
189,524‐579,ROUND UP PRO MAX,179,FL,4%,MARINE PARK,08/31/2017,"GERRITSEN AVENUE, CHANNEL AVENUE, GOTHAM AVENUE",KINGS,11229
190,524‐579,ROUND UP PRO MAX,50,FL,3%,MCCARREN PARK,08/21/2017,"LEONARD STREET, MANHATTAN AVENUE, BAYARD STREET",KINGS,11222
191,524‐579,ROUND UP PRO MAX,128,FL,4%,OLD GRAVESEND CEMETARY,09/28/2017,"VILLAGE ROAD SOUTH, VAN SICKLEN ST, MCDONALD AVE",KINGS,11223
192,524‐579,ROUND UP PRO MAX,128,FL,4%,OLD GRAVESEND CEMETARY,09/28/2017,GRAVESEND NECK ROAD/VAN SICKLEN STREET/VILLAGE ROAD,KINGS,11223
193,524‐579,ROUND UP PRO MAX,4,FL,4%,OLD GRAVESEND CEMETARY,10/6/2017,"MCDONALD AVENUE, VILLAGE ROAD SOUTH, VAN SICKLEN STREET",KINGS,11223
194,524‐579,ROUND UP PRO MAX,30.72,FL,4%,ORIENTAL MALLS,08/08/2017,"ORIENTAL BLVD, OCEAN AVE, BEAUMONT ST",KINGS,11325
195,524‐579,ROUND UP PRO MAX,2,FL,5%,PROSPECT PARK,08/29/2017,"FLATBUSH, AVENUE, OCEAN AVENUE,  EMPIRE BOULEVARD",KINGS,11225
196,524‐579,ROUND UP PRO MAX,2,FL,5%,PROSPECT PARK,08/30/2017,"CLEFTRIDGE SPAN, OCEAN AVENUE, LINCOLN ROAD",KINGS,11225
197,524‐579,ROUND UP PRO MAX,102,FL,4%,RED HOOK PARK,08/29/2017,"LORRAINE STREET, CLINTON STREET, HENRY STREET",KINGS,11231
198,524‐579,ROUND UP PRO MAX,11.5,FL,3%,RED HOOK PARK,08/21/2017,"COLUMBIA STREET, OTSEGO STREET, HALLECK STREET",KINGS,11231
199,524‐579,ROUND UP PRO MAX,6.4,FL,3%,SOUTH OXFORD PARK,06/30/2017,"SOUTH OXFORD ST, ATLANTIC AVE, ATLANTIC COMMONS",KINGS,11217
200,524‐579,ROUND UP PRO MAX,13,FL,4%,SOUTH OXFORD PARK,10/11/2017,"SOUTH OXFORD ST, ATLANTIC AVE, ATLANTIC COMMONS",KINGS,11217
201,524‐579,ROUND UP PRO MAX,15,FL,3%,SOUTH OXFORD PARK,09/11/2017,"ATLANTIC AVENUE, CUMBERLAND STREET, SOUTH OXFORD STREET",KINGS,11201
202,524‐579,ROUND UP PRO MAX,15,FL,3%,SOUTH OXFORD PARK,09/14/2017,"ATLANTIC AVENUE, CUMBERLAND STREET, SOUTH OXFORD STREET",KINGS,11201
203,524‐579,ROUND UP PRO MAX,9.6,FL,3%,SOUTH PACIFIC PLAYGROUND,06/30/2017,"DEAN STREET, RALPH AVE, HOWARD AVE",KINGS,11233
204,524‐579,ROUND UP PRO MAX,3.8,FL,3%,STEEPLECHASE PARK,05/17/2017,"SURF AVENUE, WEST 16TH STREET, WEST 19TH STREET",KINGS,11224
205,524‐597,ROUND UP PRO MAX,6.4,FL,4%,WASHINGTON HALL PARK,07/27/2017,"PARK AVENUE, WASHINGTON AVENUE, HALL STREET",KINGS,11205
